origin,destination
Physics,History
Physics,Physics
Physics,Physics
Physics,Physics
Physics,Physics
Physics,Physics
Physics,Physics
Physics,Physics
Physics,Physics
Philosophy,History
Philosophy,History
Philosophy,Philosophy
Philosophy,Art
Philosophy,Philosophy
Philosophy,Art
Philosophy,Philosophy
Philosophy,Philosophy
Philosophy,History
Philosophy,Sociology
Philosophy,History
Philosophy,Philosophy
Philosophy,Art
Philosophy,Art
Philosophy,Art
Chemistry,Medicine
Chemistry,Medicine
Chemistry,Medicine
Chemistry,Chemistry
Chemistry,Chemistry
Chemistry,Biology
Chemistry,Biology
Chemistry,Biology
Chemistry,Medicine
Chemistry,Biology
Chemistry,Medicine
Chemistry,Medicine
Chemistry,Medicine
Chemistry,Medicine
Chemistry,Chemistry
Chemistry,Medicine
Chemistry,Medicine
Chemistry,Biology
Chemistry,Biology
Chemistry,Biology
Chemistry,Medicine
Chemistry,Chemistry
Chemistry,Chemistry
Chemistry,Medicine
Chemistry,Chemistry
Chemistry,Chemistry
Chemistry,Medicine
Chemistry,Medicine
Chemistry,Biology
Chemistry,Chemistry
Chemistry,Medicine
Chemistry,Medicine
Chemistry,Medicine
Chemistry,Biology
Chemistry,Medicine
Chemistry,Biology
Chemistry,Biology
Chemistry,Biology
Chemistry,Biology
Chemistry,Medicine
Chemistry,Medicine
Chemistry,Medicine
Chemistry,Biology
Chemistry,Biology
Chemistry,Biology
Chemistry,Biology
Chemistry,Biology
Chemistry,Biology
Chemistry,Medicine
Chemistry,Biology
Chemistry,Biology
Chemistry,Medicine
Chemistry,Medicine
Mathematics,Mathematics
Mathematics,Mathematics
Mathematics,Mathematics
Mathematics,Mathematics
Mathematics,Mathematics
Psychology,Medicine
Psychology,Psychology
Psychology,Psychology
Psychology,Medicine
Psychology,Chemistry
Psychology,Chemistry
Psychology,Chemistry
Psychology,Medicine
Psychology,Medicine
Psychology,Psychology
Psychology,Chemistry
Psychology,Medicine
Psychology,Psychology
Psychology,Chemistry
Psychology,Chemistry
Psychology,Medicine
Psychology,Chemistry
Psychology,Psychology
Psychology,Medicine
Psychology,Psychology
Psychology,Psychology
Psychology,Medicine
Psychology,Medicine
Psychology,Chemistry
Psychology,Medicine
Psychology,Computer science
Psychology,Psychology
Psychology,Medicine
Psychology,Psychology
Psychology,Medicine
Psychology,Psychology
Psychology,Psychology
Psychology,Chemistry
Psychology,Medicine
Psychology,Medicine
Psychology,Chemistry
Psychology,Chemistry
Psychology,Medicine
Psychology,Psychology
Psychology,Psychology
Psychology,Medicine
Psychology,Psychology
Psychology,Medicine
Psychology,Medicine
Psychology,Medicine
Psychology,Medicine
Psychology,Medicine
Psychology,Medicine
Psychology,Chemistry
Psychology,Medicine
Psychology,Medicine
Psychology,Medicine
Psychology,Biology
Psychology,Medicine
Psychology,Medicine
Psychology,Medicine
Psychology,Chemistry
Psychology,Biology
Psychology,Psychology
Psychology,Medicine
Psychology,Medicine
Mathematics,Mathematics
Mathematics,Mathematics
Mathematics,Mathematics
Mathematics,Physics
Mathematics,Mathematics
Mathematics,Mathematics
Mathematics,Mathematics
Mathematics,Computer science
Mathematics,Mathematics
Mathematics,Mathematics
Mathematics,Mathematics
Mathematics,Mathematics
Mathematics,Computer science
Mathematics,Mathematics
Mathematics,Mathematics
Mathematics,Mathematics
Mathematics,Mathematics
Mathematics,Physics
Mathematics,Mathematics
Mathematics,Mathematics
Mathematics,Mathematics
Mathematics,Mathematics
Mathematics,Mathematics
Mathematics,Mathematics
Mathematics,Computer science
Mathematics,Mathematics
Mathematics,Computer science
Mathematics,Physics
Mathematics,Mathematics
Mathematics,Mathematics
Mathematics,Computer science
Mathematics,Mathematics
Mathematics,Mathematics
Mathematics,Mathematics
Chemistry,Biology
Chemistry,Chemistry
Chemistry,Chemistry
Chemistry,Biology
Chemistry,Biology
Chemistry,Medicine
Chemistry,Biology
Chemistry,Biology
Chemistry,Biology
Chemistry,Biology
Chemistry,Chemistry
Chemistry,Biology
Chemistry,Biology
Chemistry,Biology
Chemistry,Biology
Chemistry,Chemistry
Chemistry,Biology
Chemistry,Chemistry
Chemistry,Chemistry
Chemistry,Chemistry
Chemistry,Chemistry
Chemistry,Biology
Chemistry,Biology
Chemistry,Psychology
Chemistry,Biology
Chemistry,Biology
Chemistry,Chemistry
Chemistry,Biology
Chemistry,Biology
Chemistry,Chemistry
Chemistry,Biology
Chemistry,Biology
Chemistry,Biology
Chemistry,Chemistry
Chemistry,Biology
Chemistry,Biology
Chemistry,Chemistry
Chemistry,Medicine
Chemistry,Biology
Chemistry,Biology
Chemistry,Biology
Chemistry,Biology
Chemistry,Biology
Chemistry,Biology
Chemistry,Biology
Chemistry,Chemistry
Chemistry,Biology
Chemistry,Biology
Chemistry,Medicine
Chemistry,Chemistry
Chemistry,Biology
Chemistry,Biology
Chemistry,Biology
Chemistry,Chemistry
Chemistry,Chemistry
Chemistry,Chemistry
Chemistry,Biology
Chemistry,Chemistry
Chemistry,Chemistry
Chemistry,Chemistry
Chemistry,Psychology
Chemistry,Medicine
Chemistry,Biology
Chemistry,Chemistry
Chemistry,Chemistry
Chemistry,Biology
Chemistry,Psychology
Chemistry,Biology
Chemistry,Psychology
Chemistry,Psychology
Chemistry,Biology
Chemistry,Chemistry
Chemistry,Biology
Chemistry,Chemistry
Chemistry,Chemistry
Chemistry,Mathematics
Chemistry,Chemistry
Chemistry,Biology
Computer science,Medicine
Computer science,Computer science
Computer science,Computer science
Computer science,Biology
Computer science,Medicine
Computer science,Biology
Computer science,Biology
Computer science,Biology
Computer science,Biology
Computer science,Medicine
Computer science,Biology
Computer science,Medicine
Computer science,Computer science
Computer science,Biology
Computer science,Psychology
Computer science,Computer science
Computer science,Physics
Computer science,Computer science
Computer science,Medicine
Computer science,Computer science
Computer science,Mathematics
Computer science,Computer science
Computer science,Biology
Computer science,Medicine
Sociology,Art
Sociology,Philosophy
Sociology,Sociology
Sociology,Philosophy
Sociology,Philosophy
Sociology,Philosophy
Sociology,Psychology
Sociology,Philosophy
Art,Philosophy
Art,History
Art,Computer science
Art,Art
Mathematics,Mathematics
Mathematics,Physics
Mathematics,Mathematics
Mathematics,Mathematics
Mathematics,Mathematics
Mathematics,Mathematics
Mathematics,Mathematics
Mathematics,Mathematics
Mathematics,Mathematics
Mathematics,Mathematics
Mathematics,Mathematics
Physics,Physics
Physics,Computer science
Physics,Physics
Business,Business
Business,Computer science
Business,Medicine
Business,Economics
Business,Economics
Business,Business
Business,Economics
Business,Business
Business,Psychology
Business,Political science
Business,Medicine
Business,Economics
Business,Medicine
Business,Business
Business,Business
Business,Geography
Business,Medicine
Business,Geography
Business,Psychology
Business,Medicine
Business,Economics
Business,Business
Business,Political science
Business,Economics
Business,Business
Business,Business
Business,Medicine
Business,Computer science
Business,Geography
Business,Business
Business,Economics
Business,Economics
Business,Economics
Business,Economics
Business,Economics
Business,Economics
Business,Economics
Business,Computer science
Business,Economics
Business,Business
Business,Psychology
Business,Medicine
Business,Psychology
Business,Business
Business,Business
Biology,Biology
Biology,Biology
Biology,Biology
Biology,Biology
Biology,Biology
Biology,Biology
Biology,Biology
Biology,Biology
Biology,Biology
Biology,Biology
Biology,Biology
Biology,Biology
Biology,Biology
Biology,Biology
Biology,Biology
Biology,Biology
Biology,Biology
Biology,Biology
Biology,Biology
Biology,Biology
Biology,Biology
Biology,Biology
Biology,Biology
Biology,Biology
Biology,Biology
Biology,Biology
Biology,Biology
Biology,Biology
Biology,Biology
Biology,Biology
Biology,Biology
Biology,Biology
Biology,Biology
Biology,Biology
Biology,Biology
Biology,Biology
Biology,Biology
Biology,Biology
Biology,Biology
Biology,Biology
Biology,Biology
Biology,Biology
Biology,Biology
Biology,Biology
Biology,Biology
Biology,Biology
Biology,Biology
Biology,Biology
Biology,Biology
Biology,Biology
Biology,Biology
Biology,Biology
Biology,Biology
Biology,Biology
Biology,Biology
Physics,Physics
Physics,Physics
Physics,Philosophy
Physics,Physics
Physics,Physics
Physics,Physics
Physics,Physics
Physics,Physics
Physics,Physics
Physics,Physics
Physics,Physics
Physics,Physics
Physics,Physics
Physics,Physics
Physics,Physics
Physics,Physics
Biology,Biology
Biology,Biology
Biology,Biology
Biology,Biology
Biology,Biology
Biology,Biology
Biology,Biology
Biology,Biology
Biology,Computer science
Biology,Biology
Biology,Biology
Biology,Biology
Biology,Biology
Biology,Biology
Biology,Biology
Biology,Biology
Biology,Biology
Biology,Biology
Biology,Biology
Biology,Biology
Biology,Biology
Environmental science,Environmental science
Environmental science,Chemistry
Environmental science,Chemistry
Environmental science,Biology
Environmental science,Environmental science
Environmental science,Environmental science
Environmental science,Biology
Environmental science,Biology
Environmental science,Biology
Environmental science,Environmental science
Environmental science,Biology
Environmental science,Environmental science
Environmental science,Environmental science
Environmental science,Environmental science
Environmental science,Environmental science
Environmental science,Chemistry
Environmental science,Environmental science
Environmental science,Chemistry
Environmental science,Physics
Environmental science,Environmental science
Environmental science,Environmental science
Environmental science,Physics
Environmental science,Physics
Environmental science,Environmental science
Environmental science,Chemistry
Environmental science,Chemistry
Environmental science,Physics
Environmental science,Environmental science
Environmental science,Chemistry
Environmental science,Environmental science
Environmental science,Environmental science
Environmental science,Biology
Environmental science,Biology
Environmental science,Environmental science
Environmental science,Biology
Environmental science,Environmental science
Environmental science,Physics
Environmental science,Physics
Environmental science,Chemistry
Environmental science,Computer science
Environmental science,Chemistry
Environmental science,Environmental science
Environmental science,Environmental science
Environmental science,Chemistry
Environmental science,Chemistry
Environmental science,Chemistry
Environmental science,Chemistry
Environmental science,Environmental science
Environmental science,Chemistry
Environmental science,Environmental science
Environmental science,Environmental science
Environmental science,Environmental science
Environmental science,Environmental science
Environmental science,Chemistry
Environmental science,Chemistry
Environmental science,Environmental science
Environmental science,Environmental science
Environmental science,Environmental science
Environmental science,Environmental science
Environmental science,Environmental science
Environmental science,Chemistry
Environmental science,Chemistry
Environmental science,Environmental science
Environmental science,Environmental science
Environmental science,Environmental science
Environmental science,Physics
Environmental science,Environmental science
Environmental science,Environmental science
Environmental science,Environmental science
Environmental science,Physics
Environmental science,Environmental science
Environmental science,Environmental science
Environmental science,Chemistry
Environmental science,Environmental science
Environmental science,Environmental science
Environmental science,Chemistry
Environmental science,Chemistry
Environmental science,Environmental science
Environmental science,Chemistry
Environmental science,Environmental science
Environmental science,Environmental science
Environmental science,Environmental science
Environmental science,Chemistry
Environmental science,Computer science
Environmental science,Physics
Environmental science,Chemistry
Environmental science,Chemistry
Environmental science,Biology
Environmental science,Chemistry
Environmental science,Chemistry
Environmental science,Physics
Environmental science,Environmental science
Environmental science,Chemistry
Environmental science,Chemistry
Environmental science,Physics
Environmental science,Chemistry
Environmental science,Chemistry
Environmental science,Chemistry
Environmental science,Environmental science
Environmental science,Environmental science
Environmental science,Psychology
Environmental science,Chemistry
Business,Business
Business,Economics
Business,Political science
Business,Economics
Business,Business
Business,Political science
Business,Economics
Business,Geography
Business,Business
Business,Business
Business,Psychology
Business,Political science
Business,Economics
Business,Political science
Business,Medicine
Business,Medicine
Business,Computer science
Business,Economics
Materials science,Physics
Materials science,Chemistry
Materials science,Materials science
Materials science,Physics
Materials science,Chemistry
Materials science,Materials science
Materials science,Physics
Materials science,Materials science
Materials science,Biology
Materials science,Materials science
Materials science,Physics
Materials science,Materials science
Materials science,Materials science
Materials science,Materials science
Materials science,Environmental science
Medicine,Biology
Medicine,Biology
Medicine,Environmental science
Medicine,Chemistry
Medicine,Chemistry
Medicine,Chemistry
Medicine,Biology
Medicine,Chemistry
Medicine,Biology
Medicine,Medicine
Medicine,Chemistry
Medicine,Chemistry
Medicine,Medicine
Medicine,Biology
Medicine,Chemistry
Medicine,Chemistry
Medicine,Biology
Medicine,Biology
Medicine,Biology
Medicine,Chemistry
Medicine,Chemistry
Medicine,Chemistry
Medicine,Chemistry
Medicine,Biology
Medicine,Chemistry
Medicine,Chemistry
Medicine,Biology
Medicine,Biology
Medicine,Biology
Medicine,Biology
Medicine,Biology
Medicine,Chemistry
Medicine,Chemistry
Medicine,Biology
Medicine,Computer science
Medicine,Chemistry
Medicine,Medicine
Medicine,Biology
Medicine,Chemistry
Medicine,Biology
Medicine,Biology
Medicine,Biology
Medicine,Biology
Medicine,Biology
Medicine,Biology
Medicine,Biology
Medicine,Chemistry
Medicine,Biology
Medicine,Environmental science
Medicine,Biology
Medicine,Medicine
Medicine,Biology
Medicine,Biology
Medicine,Chemistry
Medicine,Chemistry
Medicine,Medicine
Medicine,Environmental science
Medicine,Biology
Medicine,Biology
Medicine,Biology
Medicine,Environmental science
Medicine,Biology
Medicine,Chemistry
Medicine,Medicine
Medicine,Biology
Medicine,Biology
Chemistry,Chemistry
Chemistry,Chemistry
Chemistry,Chemistry
Chemistry,Chemistry
Chemistry,Chemistry
Chemistry,Chemistry
Chemistry,Chemistry
Chemistry,Chemistry
Chemistry,Chemistry
Chemistry,Chemistry
Chemistry,Chemistry
Chemistry,Chemistry
Chemistry,Chemistry
Chemistry,Chemistry
Chemistry,Chemistry
Chemistry,Biology
Chemistry,Chemistry
Chemistry,Chemistry
Chemistry,Chemistry
Chemistry,Chemistry
Chemistry,Chemistry
Chemistry,Chemistry
Chemistry,Chemistry
Chemistry,Chemistry
Chemistry,Chemistry
Chemistry,Chemistry
Chemistry,Chemistry
Chemistry,Chemistry
Chemistry,Chemistry
Chemistry,Chemistry
Chemistry,Chemistry
Chemistry,Chemistry
Chemistry,Chemistry
Chemistry,Chemistry
Chemistry,Chemistry
Chemistry,Chemistry
Chemistry,Chemistry
Chemistry,Chemistry
Chemistry,Chemistry
Chemistry,Biology
Chemistry,Chemistry
Chemistry,Chemistry
Chemistry,Chemistry
Chemistry,Chemistry
Chemistry,Chemistry
Chemistry,Chemistry
Chemistry,Chemistry
Chemistry,Chemistry
Chemistry,Chemistry
Chemistry,Chemistry
Chemistry,Chemistry
Chemistry,Chemistry
Chemistry,Chemistry
Chemistry,Chemistry
Chemistry,Chemistry
Chemistry,Chemistry
Chemistry,Chemistry
Chemistry,Chemistry
Chemistry,Art
Chemistry,Chemistry
Chemistry,Chemistry
Chemistry,Chemistry
Chemistry,Chemistry
Chemistry,Chemistry
Chemistry,Chemistry
Chemistry,Chemistry
Chemistry,Chemistry
Chemistry,Medicine
Chemistry,Chemistry
Chemistry,Chemistry
Chemistry,Chemistry
Chemistry,Chemistry
Chemistry,Chemistry
Chemistry,Chemistry
Chemistry,Chemistry
Chemistry,Chemistry
Chemistry,Chemistry
Chemistry,Chemistry
Chemistry,Chemistry
Chemistry,Chemistry
Chemistry,Chemistry
Chemistry,Chemistry
Chemistry,Chemistry
Chemistry,Chemistry
Chemistry,Chemistry
Chemistry,Chemistry
Chemistry,Chemistry
Chemistry,Chemistry
Chemistry,Chemistry
Chemistry,Chemistry
Chemistry,Chemistry
Chemistry,Chemistry
Chemistry,Chemistry
Chemistry,Chemistry
Chemistry,Medicine
Chemistry,Biology
Chemistry,Chemistry
Chemistry,Chemistry
Chemistry,Chemistry
Chemistry,Chemistry
Chemistry,Chemistry
Chemistry,Chemistry
Chemistry,Chemistry
Chemistry,Chemistry
Chemistry,Chemistry
Chemistry,Chemistry
Chemistry,Chemistry
Chemistry,Chemistry
Chemistry,Chemistry
Chemistry,Chemistry
Chemistry,Chemistry
Chemistry,Biology
Chemistry,Chemistry
Chemistry,Chemistry
Chemistry,Chemistry
Chemistry,Chemistry
Chemistry,Chemistry
Chemistry,Chemistry
Chemistry,Chemistry
Chemistry,Chemistry
Chemistry,Chemistry
Chemistry,Chemistry
Chemistry,Chemistry
Chemistry,Chemistry
Chemistry,Chemistry
Chemistry,Chemistry
Chemistry,Chemistry
Chemistry,Chemistry
Chemistry,Chemistry
Chemistry,Chemistry
Chemistry,Chemistry
Chemistry,Chemistry
Chemistry,Chemistry
Chemistry,Chemistry
Chemistry,Chemistry
Chemistry,Chemistry
Chemistry,Chemistry
Chemistry,Chemistry
Chemistry,Chemistry
Chemistry,Chemistry
Chemistry,Chemistry
Chemistry,Chemistry
Chemistry,Chemistry
Chemistry,Medicine
Chemistry,Chemistry
Chemistry,Chemistry
Chemistry,Chemistry
Chemistry,Chemistry
Chemistry,Chemistry
Chemistry,Philosophy
Chemistry,Chemistry
Chemistry,Chemistry
Chemistry,Medicine
Chemistry,Chemistry
Chemistry,Chemistry
Chemistry,Chemistry
Chemistry,Medicine
Chemistry,Chemistry
Chemistry,Biology
Chemistry,Chemistry
Chemistry,Chemistry
Chemistry,Chemistry
Chemistry,Chemistry
Chemistry,Chemistry
Chemistry,Chemistry
Chemistry,Chemistry
Chemistry,Chemistry
Chemistry,Chemistry
Chemistry,Chemistry
Chemistry,Chemistry
Chemistry,Chemistry
Chemistry,Chemistry
Chemistry,Chemistry
Chemistry,Chemistry
Chemistry,Chemistry
Chemistry,Chemistry
Chemistry,Chemistry
Chemistry,Chemistry
Chemistry,Chemistry
Chemistry,Chemistry
Chemistry,Chemistry
Chemistry,Chemistry
Chemistry,Chemistry
Chemistry,Medicine
Chemistry,Chemistry
Chemistry,Chemistry
Chemistry,Chemistry
Chemistry,Chemistry
Chemistry,Chemistry
Chemistry,Chemistry
Chemistry,Chemistry
Chemistry,Chemistry
Chemistry,Chemistry
Chemistry,Chemistry
Chemistry,Chemistry
Chemistry,Chemistry
Chemistry,Chemistry
Chemistry,Biology
Chemistry,Chemistry
Chemistry,Chemistry
Chemistry,Chemistry
Chemistry,Chemistry
Chemistry,Chemistry
Chemistry,Chemistry
Chemistry,Chemistry
Chemistry,Chemistry
Chemistry,Chemistry
Chemistry,Chemistry
Chemistry,Chemistry
Chemistry,Chemistry
Chemistry,Chemistry
Chemistry,Chemistry
Chemistry,Chemistry
Chemistry,Chemistry
Chemistry,Chemistry
Chemistry,Chemistry
Chemistry,Philosophy
Chemistry,Medicine
Political science,Political science
Political science,Political science
Political science,Art
Economics,Economics
Economics,Business
Economics,Economics
Economics,Economics
Economics,Economics
Economics,Economics
Economics,Mathematics
Economics,Computer science
Economics,Economics
Economics,Economics
Economics,Economics
Economics,Economics
Economics,Computer science
Economics,Economics
Economics,Economics
Economics,Computer science
Economics,Economics
Economics,Economics
Economics,Economics
Economics,Mathematics
Economics,Economics
Economics,Business
Economics,Computer science
Economics,Economics
Economics,Mathematics
Economics,Computer science
Economics,Geography
Economics,Economics
Economics,Computer science
Economics,Computer science
Economics,Economics
Economics,Economics
Economics,Economics
Economics,Economics
Economics,Economics
Economics,Mathematics
Economics,Economics
Economics,Economics
Materials science,Chemistry
Materials science,Materials science
Materials science,Materials science
Materials science,Chemistry
Materials science,Business
Materials science,Physics
Materials science,Physics
Materials science,Physics
Materials science,Materials science
Materials science,Materials science
Materials science,Chemistry
Materials science,Environmental science
Materials science,Chemistry
Materials science,Biology
Materials science,Materials science
Materials science,Chemistry
Materials science,Materials science
Materials science,Materials science
Materials science,Chemistry
Materials science,Physics
Materials science,Materials science
Political science,Geography
Political science,Business
Political science,Art
Political science,History
Political science,Art
Political science,Business
Political science,History
Political science,Business
Political science,Business
Political science,Business
Political science,Business
Political science,Business
Political science,Business
Political science,Business
Political science,Business
Political science,History
Political science,Economics
Political science,Business
Political science,History
Political science,Business
Political science,Business
Political science,Business
Political science,Business
Political science,History
Political science,Psychology
Political science,Business
Political science,Art
Political science,Economics
Political science,Business
Political science,History
Political science,Business
Political science,Computer science
Political science,Business
Political science,Economics
Political science,History
Political science,History
Political science,Art
Political science,Geography
Political science,Philosophy
Political science,Economics
Political science,History
Political science,Business
Political science,Business
Political science,History
Political science,Political science
Political science,Business
Political science,Economics
Political science,Economics
Mathematics,Mathematics
Mathematics,Mathematics
Mathematics,Computer science
Mathematics,Mathematics
Mathematics,Mathematics
Mathematics,Mathematics
Mathematics,Mathematics
Mathematics,Mathematics
Mathematics,Physics
Mathematics,Mathematics
Mathematics,Mathematics
Mathematics,Mathematics
Mathematics,Mathematics
Mathematics,Mathematics
Biology,Chemistry
Biology,Biology
Biology,Chemistry
Biology,Biology
Biology,Chemistry
Biology,Biology
Biology,Biology
Biology,Chemistry
Biology,Chemistry
Biology,Biology
Philosophy,Philosophy
Philosophy,Philosophy
Philosophy,Political science
Philosophy,Political science
Philosophy,Art
Philosophy,Philosophy
Philosophy,Philosophy
Philosophy,Political science
Philosophy,Political science
Philosophy,History
Philosophy,Economics
Philosophy,Business
Philosophy,Political science
Philosophy,History
Philosophy,Philosophy
Philosophy,Philosophy
Philosophy,Engineering
Philosophy,Political science
Philosophy,Political science
Philosophy,Medicine
Philosophy,Medicine
Philosophy,Physics
Philosophy,Medicine
Philosophy,Philosophy
Philosophy,History
Philosophy,Art
Philosophy,Philosophy
Philosophy,History
Philosophy,Political science
Philosophy,Psychology
Philosophy,History
Philosophy,Political science
Philosophy,Economics
Business,Business
Business,Computer science
Business,Economics
Business,Business
Business,Sociology
Business,Economics
Business,Geography
Business,Business
Business,Business
Business,Business
Business,Business
Business,Business
Business,Business
Business,Business
Business,Economics
Materials science,Materials science
Materials science,Materials science
Materials science,Physics
Materials science,Chemistry
Materials science,Chemistry
Materials science,Engineering
Materials science,Chemistry
Materials science,Materials science
Materials science,Materials science
Materials science,Materials science
Materials science,Materials science
Materials science,Chemistry
Materials science,Chemistry
Materials science,Chemistry
Materials science,Engineering
Materials science,Engineering
Materials science,Materials science
Materials science,Chemistry
Materials science,Chemistry
Materials science,Chemistry
Materials science,Chemistry
Materials science,Chemistry
Materials science,Materials science
Materials science,Materials science
Materials science,Chemistry
Materials science,Medicine
Materials science,Chemistry
Materials science,Materials science
Materials science,Materials science
Materials science,Chemistry
Materials science,Materials science
Materials science,Materials science
Materials science,Materials science
Materials science,Chemistry
Materials science,Materials science
Materials science,Chemistry
Materials science,Physics
Materials science,Biology
Materials science,Chemistry
Materials science,Engineering
Materials science,Materials science
Materials science,Materials science
Materials science,Chemistry
Materials science,Materials science
Biology,Biology
Biology,Biology
Biology,Biology
Biology,Biology
Biology,Biology
Biology,Chemistry
Biology,Biology
Biology,Biology
Biology,Biology
Biology,Biology
Biology,Biology
Biology,Biology
Biology,Biology
Biology,Biology
Biology,Biology
Biology,Biology
Biology,Biology
Biology,Biology
Biology,Biology
Biology,Biology
Biology,Chemistry
Biology,Biology
Biology,Biology
Biology,Biology
Biology,Biology
Biology,Biology
Biology,Biology
Biology,Medicine
Biology,Biology
Biology,Biology
Biology,Biology
Biology,Biology
Biology,Biology
Biology,Materials science
Biology,Biology
Biology,Biology
Biology,Biology
Biology,Biology
Biology,Biology
Biology,Biology
Biology,Physics
Biology,Biology
Biology,Biology
Biology,Biology
Materials science,Chemistry
Materials science,Physics
Materials science,Physics
Materials science,Physics
Materials science,Physics
Materials science,Physics
Materials science,Chemistry
Materials science,Materials science
Materials science,Medicine
Materials science,Chemistry
Materials science,Physics
Materials science,Physics
Materials science,Art
Biology,Biology
Biology,Biology
Biology,Biology
Biology,Biology
Biology,Biology
Biology,Biology
Biology,Biology
Biology,Biology
Biology,Biology
Biology,Biology
Biology,Biology
Biology,Biology
Biology,Biology
Biology,Geography
Biology,Medicine
Biology,Biology
Biology,Biology
Biology,Biology
Biology,Computer science
Biology,Biology
Biology,Biology
Biology,Biology
Biology,Biology
Biology,Biology
Biology,Biology
Biology,Biology
Biology,Biology
Biology,Geography
Biology,Biology
Biology,Computer science
Biology,Computer science
Biology,Biology
Biology,Biology
Biology,Biology
Biology,Biology
Biology,Biology
Biology,Biology
Biology,Geography
Biology,Geography
Biology,Biology
Biology,Mathematics
Biology,Biology
Biology,Biology
Biology,Computer science
Biology,Biology
Biology,Biology
Biology,Computer science
Biology,Biology
Biology,Geography
Mathematics,Psychology
Mathematics,Sociology
Mathematics,Psychology
Mathematics,Medicine
Mathematics,Psychology
Mathematics,Psychology
Mathematics,Psychology
Mathematics,Sociology
Mathematics,Art
Environmental science,Business
Environmental science,Economics
Environmental science,Business
Environmental science,Economics
Environmental science,Business
Environmental science,Mathematics
Environmental science,Economics
Environmental science,Economics
Environmental science,Business
Environmental science,Business
Environmental science,Business
Environmental science,Economics
Environmental science,Economics
Environmental science,Mathematics
Environmental science,Economics
Environmental science,Business
Environmental science,Business
Environmental science,Business
Environmental science,Business
Environmental science,Economics
Environmental science,Business
Environmental science,Mathematics
Environmental science,Mathematics
Environmental science,Economics
Environmental science,Economics
Environmental science,Business
Environmental science,Business
Environmental science,Business