from,to
u1,u17
u1,u23
u1,u9
u10,u12
u10,u14
u10,u20
u10,u24
u10,u9
u11,u14
u11,u18
u11,u19
u11,u9
u12,u17
u12,u3
u12,u9
u13,u17
u13,u2
u13,u20
u13,u9
u14,u11
u14,u12
u14,u17
u14,u19
u14,u7
u15,u1
u15,u17
u15,u19
u15,u20
u15,u3
u15,u4
u15,u9
u16,u10
u16,u17
u16,u19
u16,u22
u16,u4
u16,u9
u17,u1
u17,u12
u17,u19
u17,u20
u17,u22
u17,u7
u17,u9
u18,u17
u18,u23
u18,u9
u19,u10
u19,u17
u19,u20
u19,u24
u19,u9
u2,u1
u2,u15
u2,u21
u2,u22
u20,u15
u20,u17
u20,u22
u20,u9
u21,u1
u21,u17
u21,u9
u22,u12
u22,u17
u22,u19
u22,u9
u23,u1
u23,u14
u23,u17
u23,u22
u23,u6
u24,u13
u24,u17
u24,u22
u24,u3
u24,u7
u24,u9
u3,u1
u3,u13
u3,u14
u3,u17
u3,u18
u4,u1
u4,u8
u5,u1
u5,u17
u5,u19
u6,u17
u6,u24
u6,u9
u7,u1
u7,u12
u7,u13
u7,u17
u7,u24
u7,u8
u7,u9
u8,u16
u8,u17
u8,u20
u8,u3
u8,u7
u8,u9
u9,u1
u9,u10
u9,u11
u9,u13
u9,u15
u9,u2
